Index,Name,Location,Duration (hrs) - avg,Duration (hrs) - std,Preference ,Cost - avg,Cost - std,Fatigue Score,
1,Zion National Park Lodge,"1 Zion Lodge, Springdale, UT 84767",8,0,10,250,50,0,
2,Cliffrose Lodge,"281 Zion Park Blvd, Springdale, UT 84767",8,0,8,350,70,0,
3,Desert Pearl Inn,"707 Zion Park Blvd, Springdale, UT 84767",8,0,9,300,60,0,
4,Zion Mountain Ranch,"9065 West Highway 9, Mt. Carmel, UT 84775",8,0,9,300,60,0,
5,The Lodge at Bryce Canyon,"The Lodge at Bryce Canyon 1 Lodge Way, Highway 63 Bryce, Utah, 84764",8,0,7,250,50,0,
6,Best Western Ruby’s Inn,"26 S Main St, Bryce Canyon City, UT 84764",8,0,6,200,40,0,
7,Bryce Canyon Grand Hotel,"30 N 100 E, Bryce Canyon City, UT 8476",8,0,7,200,40,0,
8,Red Cliffs Lodge,"Milepost 14, Highway 128, Moab, UT 84532",8,0,8,250,50,0,
9,SpringHill Suites Moab,"1865 N Hwy 191, Moab, UT 84532",8,0,9,200,40,0,
10,Sorrel River Ranch,"Mile 17, Highway 128, Moab, UT 84532",8,0,9,1000,200,0,
11,Grand Canyon Lodge (North Rim),"Arizona 67, North Rim, AZ 86052",8,0,8,200,40,0,
12,El Tovar Hotel,"1 El Tovar Rd, Grand Canyon, AZ 86023",8,0,5,350,70,0,
13,Grand Canyon Squire Inn,"74 AZ-64, Tusayan, AZ 86023",8,0,8,200,40,0,
14,The View Hotel,"Indian Rte 42, Oljato-Monument Valley, AZ 84536",8,0,8,250,50,0,
15,Goulding’s Lodge,"1000 Gouldings Trading Post Rd, Monument Valley, UT 84536",8,0,7,180,36,0,
16,Canyons Boutique Hotel,"190 N 300 W, Kanab, UT 84741",8,0,6,130,26,0,
17,Best Friends Roadhouse,"30 N 300 W, Kanab, UT 84741",8,0,9,100,20,0,
18,Parry Lodge,"89 E Center St, Kanab, UT 84741",8,0,7,90,18,0,
19,Lake Powell Resort,"100 Lakeshore Dr, Page, AZ 86040",8,0,8,160,32,0,
20,Hyatt Place Page/Lake Powell,"1126 N Navajo Dr, Page, AZ 86040",8,0,8,150,30,0,
21,Zion National Park Lodge,"1 Zion Lodge, Springdale, UT 84767",2,0,10,250,50,0,
22,Cliffrose Lodge,"281 Zion Park Blvd, Springdale, UT 84767",2,0,8,350,70,0,
23,Desert Pearl Inn,"707 Zion Park Blvd, Springdale, UT 84767",2,0,9,300,60,0,
24,Zion Mountain Ranch,"9065 West Highway 9, Mt. Carmel, UT 84775",2,0,9,300,60,0,
25,The Lodge at Bryce Canyon,"The Lodge at Bryce Canyon 1 Lodge Way, Highway 63 Bryce, Utah, 84764",2,0,7,250,50,0,
26,Best Western Ruby’s Inn,"26 S Main St, Bryce Canyon City, UT 84764",2,0,6,200,40,0,
27,Bryce Canyon Grand Hotel,"30 N 100 E, Bryce Canyon City, UT 8476",2,0,7,200,40,0,
28,Red Cliffs Lodge,"Milepost 14, Highway 128, Moab, UT 84532",2,0,8,250,50,0,
29,SpringHill Suites Moab,"1865 N Hwy 191, Moab, UT 84532",2,0,9,200,40,0,
30,Sorrel River Ranch,"Mile 17, Highway 128, Moab, UT 84532",2,0,9,1000,200,0,
31,Grand Canyon Lodge (North Rim),"Arizona 67, North Rim, AZ 86052",2,0,8,200,40,0,
32,El Tovar Hotel,"1 El Tovar Rd, Grand Canyon, AZ 86023",2,0,5,350,70,0,
33,Grand Canyon Squire Inn,"74 AZ-64, Tusayan, AZ 86023",2,0,8,200,40,0,
34,The View Hotel,"Indian Rte 42, Oljato-Monument Valley, AZ 84536",2,0,8,250,50,0,
35,Goulding’s Lodge,"1000 Gouldings Trading Post Rd, Monument Valley, UT 84536",2,0,7,180,36,0,
36,Canyons Boutique Hotel,"190 N 300 W, Kanab, UT 84741",2,0,6,130,26,0,
37,Best Friends Roadhouse,"30 N 300 W, Kanab, UT 84741",2,0,9,100,20,0,
38,Parry Lodge,"89 E Center St, Kanab, UT 84741",2,0,7,90,18,0,
39,Lake Powell Resort,"100 Lakeshore Dr, Page, AZ 86040",2,0,8,160,32,0,
40,Hyatt Place Page/Lake Powell,"1126 N Navajo Dr, Page, AZ 86040",2,0,8,150,30,0,
41,Oscar’s Cafe,"948 Zion Park Blvd, Springdale, UT 84767",0.75,0.15,9,50,10,0,
42,Rocking V Cafe,"97 W Center St, Kanab, UT 84741",0.75,0.15,6,55,11,0,
43,Wild Thyme Café,"198 S 100 E, Kanab, UT 84741",0.75,0.15,8,65,13,0,
44,Big John’s Texas BBQ,"153 S Lake Powell Blvd, Page, AZ 86040",0.75,0.15,8,60,12,0,
45,El Tapatio,"25 Lake Powell Blvd, Page, AZ 86040",1,0.2,7,60,12,0,
46,Moab Brewery,"686 S Main St, Moab, UT 84532",1.2,0.24,6,50,10,0,
47,Quesadilla Mobilla,"95 N Main St, Moab, UT 84532",0.67,0.134,9,30,6,0,
48,Bryce Canyon Lodge Dining,"1 Lodge Way, Bryce Canyon National Park, UT 84764",1,0.2,6,70,14,0,
49,The View Restaurant,"Indian Rte 42, Oljato-Monument Valley, AZ 84536",1.5,0.3,7,70,14,0,
50,Bit & Spur Saloon,"1212 Zion Park Blvd, Springdale, UT 84767",1,0.2,8,55,11,0,
51,Spotted Dog Cafe,"428 Zion Park Blvd, Springdale, UT 84767",1.5,0.3,9,85,17,0,
52,Zion Pizza & Noodle Co.,"868 Zion Park Blvd, Springdale, UT 84767",0.75,0.15,6,40,8,0,
53,Sego Restaurant,"190 N 300 W, Kanab, UT 84741",1.5,0.3,10,85,17,0,
54,Desert Bistro,"36 S 100 W, Moab, UT 84532",1.5,0.3,8,90,18,0,
55,Sunset Grill,"900 N Main St, Moab, UT 84532",1,0.2,8,50,10,0,
56,Cowboy Buffet & Steak Room,"26 S Main St, Bryce Canyon City, UT 84764",1,0.2,7,55,11,0,
51,Angels Landing Hike,"1 Zion Park Blvd, Springdale, UT 84767",5,1,10,12,0,1.75,
52,The Narrows (Bottom-Up),"1 Zion Park Blvd, Springdale, UT 84767",5,1,9,0,0,1.5,
53,Canyon Overlook Trail,"Pine Creek Canyon Overlook, Canyon Overlook Trail, Hurricane, UT 84737",1,0.2,7,0,0,0.5,
54,Emerald Pools Trail,"1 Zion Park Blvd, Springdale, UT 84767",2,0.4,7,0,0,1,
55,Navajo Loop & Queens Garden,"Sunrise Point, Bryce Canyon National Park, Bryce, UT 84764",2.5,0.5,8,0,0,1,
56,Scenic Drive to Rainbow Point,"Rainbow Point, Bryce Canyon National Park, Bryce, UT 84764",1.5,0.3,9,0,0,0.5,
57,Horseshoe Bend Overlook,"1001 Page Parkway, Page, AZ 86040",1.5,0.3,9,10,0,1,
58,Lower Antelope Canyon Tour,"Indn Route 222, Page, AZ 86040",2,0.4,6,125,0,0.5,
59,Monument Valley Loop Drive,"U.S. 163 Scenic, Oljato-Monument Valley, AZ 84536",2,0.4,9,16,0,1,
60,Mesa Arch Sunrise,"Grand View Point Rd, Moab, UT 84532",1,0.2,10,0,0,0.5,***add a constraint for being start_time being between 
61,Delicate Arch Hike,"Delicate Arch Trailhead, Arches National Park, Moab, UT 84532",3,0.6,9,0,0,1.25,
62,Devils Garden to Landscape Arch,"Devils Garden Trailhead, Arches National Park, Moab, UT 84532",1.5,0.3,8,0,0,1,
63,South Kaibab 'Ooh Aah Point',"Grand Canyon Backcountry Info Center, Grand Canyon Village, AZ 86023",2,0.4,9,0,0,1,
64,Bright Angel Point,"Grand Canyon Lodge North Rim, AZ 86052",1,0.2,8,0,0,1,
65,Best Friends Sanctuary Tour,"5001 Angel Canyon Rd, Kanab, UT 84741",2,0.4,7,0,0,0.5,
66,Coral Pink Sand Dunes,"12500 Sand Dune Rd, Kanab, UT 84741",1.5,0.3,6,15,0,0.5,
67,Hell's Revenge 4x4 Tour,"606 S Main St, Moab, UT 84532, USA",3,0.6,5,270,0,0.5,